{"graph": {"_type": "graph-file", "path": "media/graph/graph_summary_9b9efcf5fd9d3dcfc069.graph.json", "sha256": "9b9efcf5fd9d3dcfc069210cb821cc6d311e5eafda6cdfb743cacff19a86b9ad", "size": 693}, "epoch": 0, "_timestamp": 1649990911, "_runtime": 6, "loss": 0.20674026012420654, "accuracy": 0.45708000659942627, "val_loss": 0.1875493973493576, "val_accuracy": 0.6000000238418579, "_step": 0, "best_val_loss": 0.1875493973493576, "best_epoch": 0, "_wandb": {"runtime": 8}}