{"graph": {"_type": "graph-file", "path": "media/graph/graph_summary_9b9efcf5fd9d3dcfc069.graph.json", "sha256": "9b9efcf5fd9d3dcfc069210cb821cc6d311e5eafda6cdfb743cacff19a86b9ad", "size": 693}, "epoch": 0, "_timestamp": 1649990711, "_runtime": 6, "loss": 0.20619136095046997, "accuracy": 0.4618000090122223, "val_loss": 0.186670184135437, "val_accuracy": 0.5600000023841858, "_step": 0, "best_val_loss": 0.186670184135437, "best_epoch": 0, "_wandb": {"runtime": 7}}