{"graph": {"_type": "graph-file", "path": "media/graph/graph_summary_9b9efcf5fd9d3dcfc069.graph.json", "sha256": "9b9efcf5fd9d3dcfc069210cb821cc6d311e5eafda6cdfb743cacff19a86b9ad", "size": 693}, "epoch": 0, "_timestamp": 1649990808, "_runtime": 7, "loss": 0.20677322149276733, "accuracy": 0.4578799903392792, "val_loss": 0.1840786188840866, "val_accuracy": 0.5199999809265137, "_step": 0, "best_val_loss": 0.1840786188840866, "best_epoch": 0, "_wandb": {"runtime": 7}}