{"graph": {"_type": "graph-file", "path": "media/graph/graph_summary_9b9efcf5fd9d3dcfc069.graph.json", "sha256": "9b9efcf5fd9d3dcfc069210cb821cc6d311e5eafda6cdfb743cacff19a86b9ad", "size": 693}, "epoch": 0, "_timestamp": 1649990846, "_runtime": 5, "loss": 0.20856738090515137, "accuracy": 0.44707998633384705, "val_loss": 0.18902425467967987, "val_accuracy": 0.6399999856948853, "_step": 0, "best_val_loss": 0.18902425467967987, "best_epoch": 0, "_wandb": {"runtime": 6}}